﻿{"cameraMode":{"drawMode":0,"name":"Shaded","section":"Shading Mode"},"sceneLighting":true,"audioPlay":false,"sceneViewState":{"showFog":true,"showMaterialUpdate":false,"showSkybox":true,"showFlares":true,"showImageEffects":true,"showParticleSystems":true},"in2DMode":false,"pivot":{"x":-1.938026785850525,"y":7.81960916519165,"z":-4.3395867347717289},"rotation":{"x":0.10172688961029053,"y":-0.043260373175144199,"z":0.004427935928106308,"w":0.9938614368438721},"size":25.708953857421876,"orthographic":false}