﻿{"cameraMode":{"drawMode":0,"name":"Shaded","section":"Shading Mode"},"sceneLighting":true,"audioPlay":false,"sceneViewState":{"showFog":true,"showMaterialUpdate":false,"showSkybox":true,"showFlares":true,"showImageEffects":true,"showParticleSystems":true},"in2DMode":false,"pivot":{"x":-5.835777282714844,"y":2.234286308288574,"z":8.85245132446289},"rotation":{"x":-0.10635452717542649,"y":0.7659552693367004,"z":-0.1313314288854599,"w":-0.6202847361564636},"size":20.22369956970215,"orthographic":false}