﻿{"cameraMode":{"drawMode":0,"name":"Shaded","section":"Shading Mode"},"sceneLighting":true,"audioPlay":false,"sceneViewState":{"showFog":true,"showMaterialUpdate":false,"showSkybox":true,"showFlares":true,"showImageEffects":true,"showParticleSystems":true},"in2DMode":false,"pivot":{"x":-4.596034049987793,"y":3.565122604370117,"z":5.003143787384033},"rotation":{"x":-0.0643332228064537,"y":0.8101678490638733,"z":-0.09055379033088684,"w":-0.5755773782730103},"size":15.999885559082032,"orthographic":false}