﻿{"cameraMode":{"drawMode":0,"name":"Shaded","section":"Shading Mode"},"sceneLighting":true,"audioPlay":false,"sceneViewState":{"showFog":true,"showMaterialUpdate":false,"showSkybox":true,"showFlares":true,"showImageEffects":true,"showParticleSystems":true},"in2DMode":false,"pivot":{"x":-4.3617353439331059,"y":3.1303791999816896,"z":4.428355693817139},"rotation":{"x":-0.07232048362493515,"y":0.8251084685325623,"z":-0.10855203121900559,"w":-0.5497110486030579},"size":19.313636779785158,"orthographic":false}