﻿{"cameraMode":{"drawMode":0,"name":"Shaded","section":"Shading Mode"},"sceneLighting":true,"audioPlay":false,"sceneViewState":{"showFog":true,"showMaterialUpdate":true,"showSkybox":true,"showFlares":true,"showImageEffects":true,"showParticleSystems":true},"in2DMode":false,"pivot":{"x":-2.8799996376037599,"y":0.7771615386009216,"z":59.769996643066409},"rotation":{"x":0.03146729618310928,"y":0.30190739035606387,"z":-0.009971166029572487,"w":0.9527656435966492},"size":4.442073822021484,"orthographic":false}