﻿{"cameraMode":{"drawMode":0,"name":"Shaded","section":"Shading Mode"},"sceneLighting":false,"audioPlay":false,"sceneViewState":{"showFog":true,"showMaterialUpdate":false,"showSkybox":false,"showFlares":true,"showImageEffects":true,"showParticleSystems":true},"in2DMode":false,"pivot":{"x":1.1920928955078126e-7,"y":2.268474578857422,"z":0.5350384712219238},"rotation":{"x":-0.12211931496858597,"y":0.747241199016571,"z":-0.14317454397678376,"w":-0.6373528242111206},"size":15.864970207214356,"orthographic":false}